{
  "mean_return": 0.046,
  "std_return": 0.20948508300115307,
  "mean_loss": 0.018272927165866933,
  "episodes": 1500,
  "steps": 15828,
  "device": "cpu"
}